Model,Val Accuracy,Val Precision,Val Recall,Parameters,Inference Time,Best For
MobileNet,0.912350594997406,0.9178645014762878,0.9043824672698975,"3,232,964",Fast,Mobile/Edge devices
VGG16,0.7250996232032776,0.9615384340286255,0.5119521617889404,"14,716,740",Medium,Medium-sized datasets
InceptionV3,0.6713147163391113,0.8167202472686768,0.5059760808944702,"21,810,980",Medium,Multi-scale features
ResNet50,0.6414342522621155,0.8311688303947449,0.3346613645553589,"23,595,908",Medium,General purpose
